Ind	Lon	Lat
Bgla_1	24.8276	35.2564
Bgla_2	22.216	37.933
Bgla_3	20.645	38.46
Bspry_1	38.8184	45.11107
Bsyl_1	10.9	48.2
Bsyl_2	9.3	48
Bsyl_3	8.6	48.4
Bsyl_4	11.7	54
Bsyl_5	13.8	51.6
Bsyl_6	8.5	47.8
Bsyl_7	10.1	54.3
Bsyl_8	6.4	51.4
Bsyl_9	14	51
Bsyl_10	9.5	50.6
Bsyl_11	12	48.9
Bsyl_12	9.3	54.5
Bsyl_13	9.8	51.2
Bsyl_14	8.7	51.1
Bsyl_15	7.9	48.3
Bsyl_16	11.6	52.6
Bsyl_17	10.5	53.7
Bsyl_18	10.8	51.7
Bsyl_19	12.4	52.9
Bsyl_20	7.3	52.8
Bsyl_21	13.4	52.4
Bsyl_22	9.7	53.4
Bsyl_23	9.5	48.8
Bsyl_24	12	50.2
Bsyl_25	9.6	53.9
Bsyl_26	9.1	52.2
Bsyl_27	11.4	50.6
Bsyl_28	7.3	51.7
Bsyl_29	7.2	50.9
Bsyl_30	13.4	50.7
Bsyl_31	10.7	53.1
Bsyl_32	8.5	52.5
Bsyl_33	12.8	49.1
Bsyl_34	8.3	50.6
Bsyl_35	0.7	52.5
Bsyl_36	1.6	52.5
Bsyl_37	36.3	50.1
Bsyl_38	35.4	52.3
Bsyl_39	-2.1	54.9
Bsyl_40	6.1	43.8
Bsyl_41	7.6	44
Bsyl_42	7	43.6
Bsyl_43	5.8	44.3
Bsyl_44	5.7	43.3
Bsyl_45	5.8	44.9
Bsyl_46	5.2	44.6
Bsyl_47	6.9	45.6
Bsyl_48	5.2	46.2
Bsyl_49	-4.1	58
Bsyl_50	-6.4	57.5
Bsyl_51	-4	54.9
Bsyl_52	-2.6	56.8
Bsyl_53	-5.2	55.7
Bsyl_54	-4.9	54.7
Bsyl_55	11.9	49.5
Bsyl_56	12.6	47.8
Bsyl_57	11.1	49
Bsyl_58	11.9	47.7
Bsyl_59	13.6	48.6
Bsyl_60	9.1	50.1
Bsyl_61	11.2	50.1
Bsyl_62	11.7	48.3
Bsyl_63	17	57.2
Bsyl_64	16.6	56.6
Bsyl_65	-1.2	53.4
Bsyl_66	13.1	47.2
Bsyl_67	13.2	48
Bsyl_68	13.8	47.8
Bsyl_69	12.3	47.3
Bsyl_70	13.9	47.1
Bsyl_71	6.9	61.1
Bsyl_72	9.5	59.3
Bsyl_73	-5.7	57.2
Bsyl_74	-3.3	55.8
Bsyl_75	56.3	53.2
Bsyl_76	40.6	52.8
Bsyl_77	48.4	54.6
Bsyl_78	44.9	50.5
Bsyl_79	41.5	43
Bsyl_80	37.2	54
Bsyl_81	16.3	48.2
Bsyl_82	21.6	48.7
Bsyl_83	4	40
Bsyl_84	47	39.6
Bsyl_85	12.6	49.6
Bsyl_86	-0.6	44.1
Bsyl_87	6.2	52
Bsyl_88	3.5	51.6
Bsyl_89	-2.5	51.4
Bsyl_90	12.5	55
Bsyl_91	11.4	55.8
Bsyl_92	11.6	54.8
Bsyl_93	10.7	54.9
Bsyl_94	56.6	54.5
Bsyl_95	33.5	52.8
Bsyl_96	34.6	53.2
Bsyl_97	17.2	52.6
Bsyl_98	9.1	45.2
Bsyl_99	12.8	46.8
Bsyl_100	5.9	51
Bsyl_101	-6.4	55.7
Bsyl_102	-5.3	58.2
Bsyl_103	-2.3	55.9
Bsyl_104	0.7	44.2
Bsyl_105	0.2	44.5
Bsyl_106	6.5	62.4
Bsyl_107	2.8	39.4
Bsyl_108	3.1	39.8
Bsyl_109	-2.1	52.3
Bsyl_110	34.4	44.7
Bsyl_111	58.4	55.1
Bsyl_112	40.8	45.4
Bsyl_113	31.7	55.5
Bsyl_114	37.5	55.9
Bsyl_115	41.5	52.7
Bsyl_116	45.9	56
Bsyl_117	10.2	49.4
Bsyl_118	-4.1	50.4
Bsyl_119	0.6	51.7
Bsyl_120	-4.5	52.1
Bsyl_121	0.2	53.2
Bsyl_122	-3.5	51.2
Bsyl_123	1.4	51.2
Bsyl_124	-1.8	54.4
Bsyl_125	-3.1	54.2
Bsyl_126	-4.5	51
Bsyl_127	-5.4	50.1
Bsyl_128	-1.2	50.6
Bsyl_129	-0.8	51.7
Bsyl_130	-6.4	55.2
Bsyl_131	25.6	58.4
Bsyl_132	26.8	58.9
Bsyl_133	26.6	57.6
Bsyl_134	-1.4	43.8
Bsyl_135	45.3	55.5
Bsyl_136	44.8	41.9
Bsyl_137	40.4	48.7
Bsyl_138	4.9	45.3
Bsyl_139	5.5	45.7
Bsyl_140	38.3	54.9
Bsyl_141	-5.4	33.3
Bsyl_142	7.8	47.5
Bsyl_143	7.2	46.1
Bsyl_144	8.5	46.4
Bsyl_145	8.6	47.1
Bsyl_146	9	46
Bsyl_147	7.9	46.2
Bsyl_148	9.4	47.5
Bsyl_149	7.2	47.3
Bsyl_150	7.2	46.7
Bsyl_151	15.5	57.3
Bsyl_152	16.3	59
Bsyl_153	6	52.5
Bsyl_154	4.6	52.5
Bsyl_155	6.4	49.7
Bsyl_156	3.2	45.4
Bsyl_157	-4.2	47.9
Bsyl_158	0.5	43.2
Bsyl_159	5.4	48
Bsyl_160	-0.3	47.5
Bsyl_161	-1.5	47.8
Bsyl_162	2.1	49.2
Bsyl_163	6	46.1
Bsyl_164	-1	46.7
Bsyl_165	-1.5	48.3
Bsyl_166	2.8	48.3
Bsyl_167	1.8	44.9
Bsyl_168	1.7	50.3
Bsyl_169	3.7	47.4
Bsyl_170	-1.4	47.1
Bsyl_171	1.4	45.3
Bsyl_172	1.4	48.9
Bsyl_173	2.9	49.6
Bsyl_174	5.4	43.8
Bsyl_175	-1.4	49
Bsyl_176	4.7	45.9
Bsyl_177	2.3	46.4
Bsyl_178	4.7	48.5
Bsyl_179	-0.1	42.9
Bsyl_180	4.6	46.5
Bsyl_181	1	46.1
Bsyl_182	2.7	50.7
Bsyl_183	2.1	42.6
Bsyl_184	-1.9	46.8
Bsyl_185	2.9	43
Bsyl_186	0.4	47.3
Bsyl_187	-2.2	48.1
Bsyl_188	1.3	43.6
Bsyl_189	3.4	43.4
Bsyl_190	1.7	44.1
Bsyl_191	-0.4	39.5
Bsyl_192	0.3	48
Bsyl_193	25.9	38.5
Bsyl_194	22.5	40.1
Bsyl_195	17.5	48.4
Bsyl_196	44.7	37.5
Bsyl_197	36	41.5
Bsyl_198	24.5	36.7
Bsyl_199	22.4	36.5
Bsyl_200	26.3	39.2
Bsyl_201	23.9	35.4
Bsyl_202	26	37.6
Bsyl_203	24.5	37.2
Bsyl_204	24.1	37.9
Bsyl_205	26.4	36.5
Bsyl_206	25	37.6
Bsyl_207	26.6	37.7
Bsyl_208	25.5	37.1
Bsyl_209	26.2	41.4
Bsyl_210	21.9	38
Bsyl_211	20.8	39.4
Bsyl_212	26.1	35.2
Bsyl_213	20.8	38.2
Bsyl_214	15.4	56.4
Bsyl_215	24.7	38
Bsyl_216	14.6	50
Bsyl_217	6.6	53.2
Bsyl_218	10.1	47.5
Bsyl_219	10.2	48
Bsyl_220	10	49.9
Bsyl_221	10.4	48.6
Bsyl_222	11.2	49.6
Bsyl_223	11.2	47.4
Bsyl_224	4.4	47.2
Bsyl_225	1.9	45.9
Bsyl_226	-4.7	48.6
Bsyl_227	2.4	45.4
Bsyl_228	3.6	45
Bsyl_229	2.3	43.4
Bsyl_230	-3.9	56.8
Bsyl_231	-3.5	57.3
Bsyl_232	-4.4	58.6
Bsyl_233	0.7	45
Bsyl_234	1.3	49.8
Bsyl_235	1.9	48.4
Bsyl_236	2.8	45.8
Bsyl_237	9.6	46.3
Bsyl_238	0.6	41.5
Bsyl_239	0.9	41.9
Bsyl_240	3.2	42.3
Bsyl_241	1.2	41.5
Bsyl_242	2.9	41.7
Bsyl_243	0.3	40.7
Bsyl_244	0.6	42.6
Bsyl_245	2.4	42
Bsyl_246	1.6	42
Bsyl_247	1.4	42.5
Bsyl_248	2.2	41.4
Bsyl_249	-5.2	51.7
Bsyl_250	-4.2	51.6
Bsyl_251	1.5	47.4
Bsyl_252	2.9	46.9
Bsyl_253	4.3	47.9
Bsyl_254	0.8	47.7
Bsyl_255	4.6	49.7
Bsyl_256	4.1	46.2
Bsyl_257	9.9	55.9
Bsyl_258	9.9	55.4
Bsyl_259	9.9	54.9
Bsyl_260	15.2	55.1
Bsyl_261	11.8	55.3
Bsyl_262	12.2	55.9
Bsyl_263	-5.1	35.1
Bsyl_264	-1.6	40.5
Bsyl_265	8.6	59.9
Bsyl_266	-9	53
Bsyl_267	-5.7	54.7
Bsyl_268	-10.1	51.8
Bsyl_269	-9.4	53.6
Bsyl_270	-6.4	52.4
Bsyl_271	4.6	49
Bsyl_272	2.8	47.6
Bsyl_273	3.6	47.9
Bsyl_274	24.3	59.4
Bsyl_275	26.8	58.4
Bsyl_276	21.9	58.5
Bsyl_277	25.4	58.9
Bsyl_278	22.1	58
Bsyl_279	36.2	34.4
Bsyl_280	14.3	57.8
Bsyl_281	18.8	57.9
Bsyl_282	14	56.8
Bsyl_283	12.8	48.4
Bsyl_284	10.3	50.5
Bsyl_285	21.4	57
Bsyl_286	34.5	50.7
Bsyl_287	4.1	43.6
Bsyl_288	9.2	41.4
Bsyl_289	4.6	44.1
Bsyl_290	-0.1	43.4
Bsyl_291	11.6	64.1
Bsyl_292	34.6	57.5
Bsyl_293	40	52.3
Bsyl_294	33.7	44.5
Bsyl_295	41.4	56.7
Bsyl_296	42.4	54.8
Bsyl_297	42.1	51.4
Bsyl_298	57.2	53.8
Bsyl_299	35.1	45
Bsyl_300	37.4	54.8
Bsyl_301	2.2	47.1
Bsyl_302	5	47.4
Bsyl_303	3.8	48.6
Bsyl_304	-2	51.8
Bsyl_305	-3.6	48.8
Bsyl_306	83.3	54.5
Bsyl_307	88.5	53.6
Bsyl_308	91.2	53
Bsyl_309	94.9	54.8
Bsyl_310	88.8	53
Bsyl_311	88.7	52.3
Bsyl_312	13.1	56
Bsyl_313	-2.8	38
Bsyl_314	4.9	51
Bsyl_315	36.2	51.7
Bsyl_316	-3.5	58.6
Bsyl_317	-2.9	57.7
Bsyl_318	1.4	46.6
Bsyl_319	7.8	47
Bsyl_320	0	45.1
Bsyl_321	-0.5	44.7
Bsyl_322	-1	45.1
Bsyl_323	-0.5	45.7
Bsyl_324	-2.7	56.3
Bsyl_325	16.9	58.3
Bsyl_326	-1.9	53.1
Bsyl_327	-0.7	48.1
Bsyl_328	1	47
Bsyl_329	4.1	44.6
Bsyl_330	2.9	51.2
Bsyl_331	4	51.1
Bsyl_332	6.1	59.4
Bsyl_333	3	49
Bsyl_334	1.1	48.3
Bsyl_335	2.1	47.9
Bsyl_336	5.2	46.8
Bsyl_337	6.8	44.3
Bsyl_338	4.8	43.4
Bsyl_339	-7.3	41.3
Bsyl_340	8.8	42.5
Bsyl_341	0.1	43.9
Bsyl_342	-0.6	46.3
Bsyl_343	-0.1	49.3
Bsyl_344	6.6	46.4
Bsyl_345	-2	47.4
Bsyl_346	2.1	49.8
Bsyl_347	2.6	44.9
Bsyl_348	-2.9	48.6
Bsyl_349	-0.5	48.8
Bsyl_350	-1.2	44.6
Bsyl_351	12.1	58.6
Bsyl_352	18.5	60.3
Bsyl_353	9.9	63.9
Bsyl_354	20.4	60
Bsyl_355	19.8	60.4
Bsyl_356	-3.6	53.3
Bsyl_357	9.8	47
Bsyl_358	-2.5	41.9
Bsyl_359	12	57.5
Bsyl_360	-2.2	53.9
Bsyl_361	2.9	50.2
Bsyl_362	23.7	59
Bsyl_363	-1.4	52.6
Bsyl_364	6	46.7
Bsyl_365	3.7	45.8
Bsyl_366	18.5	59.2
Bsyl_367	18.1	57.5
Bsyl_368	-3.8	55.4
Bsyl_369	-5.5	57.7
Bsyl_370	-7.5	56.9
Bsyl_371	-1.9	57.4
Bsyl_372	-4.5	56.3
Bsyl_373	5.2	52.1
Bsyl_374	4.1	51.9
Bsyl_375	-1.6	46.4
Bsyl_376	-1.8	49.6
Bsyl_377	-2.8	52.9
Bsyl_378	5.8	48.4
Bsyl_379	5.4	49.1
Bsyl_380	6.1	49.1
Bsyl_381	6.9	49.1
Bsyl_382	6.5	47
Bsyl_383	3.3	44.5
Bsyl_384	8.8	39.3
Bsyl_385	9.5	40.2
Bsyl_386	8.8	40.3
Bsyl_387	9.3	40.8
Bsyl_388	8.7	39.8
Bsyl_389	8.3	41.1
Bsyl_390	17.4	52.1
Bsyl_391	30.5	50.4
Bsyl_392	14.9	50.9
Bsyl_393	10.8	52.2
Bsyl_394	12.5	53.7
Bsyl_395	8.2	51.9
Bsyl_396	8.6	49.4
Bsyl_397	13.3	53.7
Bsyl_398	7.4	50.2
Bsyl_399	9.9	52.8
Bsyl_400	9.3	49.4
Bsyl_401	14.4	52
Bsyl_402	11	54.3
Bsyl_403	8	51.3
Bsyl_404	8.7	53.2
Bsyl_405	12.8	51.8
Bsyl_406	12.2	51.3
Bsyl_407	8.2	50.1
Bsyl_408	7.5	49.6
Bsyl_409	8.7	48.9
Bsyl_410	14	53.9
Bsyl_411	7.1	52.3
Bsyl_412	9.2	51.7
Bsyl_413	6.4	50.3
Bsyl_414	14.9	51.5
Bsyl_415	13.3	54.5
Bsyl_416	11.5	51.9
Bsyl_417	10	52
Bsyl_418	11.4	51.2
Bsyl_419	9.1	52.8
Bsyl_420	-1.6	55.5
Bsyl_421	15.9	47.7
Bsyl_422	32.3	53.1
Bsyl_423	-1.8	41.5
Bsyl_424	13.3	42.3
Bsyl_425	-0.6	40
Bsyl_426	-7.2	42.3
Bsyl_427	-1.3	41.2
Bsyl_428	22.5	38
Bsyl_429	-0.9	40.8
Bsyl_430	32.7	41.3
Bsyl_431	0	40.1
Bsyl_432	9.4	39.7
Bsyl_433	3.7	46.7
Bsyl_434	8.1	45.2
Bsyl_435	24.5	53.4
Bsyl_436	-1.2	39.8
Bsyl_437	-1.1	39.3
Bsyl_438	4.5	50.3
Bsyl_439	5.3	50.2
Bsyl_440	5.5	49.7
Bsyl_441	4.8	53
Bsyl_442	18.6	49.7
Bsyl_443	14.5	50.5
Bsyl_444	-6	43.6
Bsyl_445	6.4	47.7
Bsyl_446	-3.2	47.3
Bsyl_447	10.6	51.1
Bsyl_448	12.3	50.7
Bsyl_449	14.1	53.2
Bsyl_450	13.1	51.2
Bsyl_451	7.9	53.6
Bsyl_452	14.1	52.7
Bsyl_453	8.8	53.7
Bsyl_454	11.4	53.4
Bsyl_455	12.6	54.3
Bsyl_456	13.3	53
Bsyl_457	3.2	46.4
Bsyl_458	5.9	47.4
Bsyl_459	-6.2	54.1
Bsyl_460	-7.7	52.3
Bsyl_461	-6.3	52.9
Bsyl_462	-9.1	51.9
Bsyl_463	-7.8	53.3
Bsyl_464	-8.2	52.9
Bsyl_465	-7.3	52.9
Bsyl_466	-8.1	51.9
Bsyl_467	-6.1	53.4
Bsyl_468	-0.1	51.5
Bsyl_469	16.3	38.5
Bsyl_470	19.4	43.3
Bsyl_471	14.7	46
Bsyl_472	23.5	46.8
Bsyl_473	12.4	46.1
Bsyl_474	23.7	52.1
Bsyl_475	-1.1	54.2
Bsyl_476	39.1	40.8
Bsyl_477	22	40.6
Bsyl_478	18.4	53.7
Bsyl_479	23.9	52.7
Bsyl_480	19.5	50.2
Bsyl_481	-8.5	39.8
Bsyl_482	-7.3	38.4
Bsyl_483	-9.4	38.8
Bsyl_484	-8	39.3
Bsyl_485	-8.7	37.5
Bsyl_486	-8.2	42.1
Bsyl_487	-7.3	39.4
Bsyl_488	-8.4	40.3
Bsyl_489	-7.1	40.1
Bsyl_490	-8.3	38.9
Bsyl_491	-7.9	37.2
Bsyl_492	-8.2	40.9
Bsyl_493	-8.5	41.3
Bsyl_494	-7.8	39.9
Bsyl_495	-8.9	39.4
Bsyl_496	-7.6	41.8
Bsyl_497	-6.9	41.8
Bsyl_498	42.6	37.8
Bsyl_499	9.9	44.4
Bsyl_500	11.1	42.9
Bsyl_501	10.5	44.2
Bsyl_502	11.8	43
Bsyl_503	11.4	42.4
Bsyl_504	10.2	42.8
Bsyl_505	10.7	43.3
Bsyl_506	11.7	43.7
Bsyl_507	11.3	44.1
Bsyl_508	10.4	43.7
Bsyl_509	14	55.5
Bsyl_510	16.6	59.9
Bsyl_511	17.8	59.6
Bsyl_512	14	56
Bsyl_513	15.9	58.6
Bsyl_514	-4	38.4
Bsyl_515	-3.9	41.1
Bsyl_516	-5.5	34.1
Bsyl_517	-5.3	39
Bsyl_518	-7.6	40.7
Bsyl_519	22.1	37.4
Bsyl_520	-5.9	42.9
Bsyl_521	-4.5	41.1
Bsyl_522	-6.1	41.8
Bsyl_523	-4.5	43.3
Bsyl_524	-5.1	40.3
Bsyl_525	11.7	58.1
Bsyl_526	16.2	57
Bsyl_527	17.7	58.9
Bsyl_528	18.2	56.9
Bsyl_529	5.5	51.4
Bsyl_530	3.6	49.9
Bsyl_531	-2.2	48.6
Bsyl_532	-0.8	49.4
Bsyl_533	33.7	53.9
Bsyl_534	8.7	44.8
Bsyl_535	15.5	46.9
Bsyl_536	14.5	46.6
Bsyl_537	14.7	47.7
Bsyl_538	13.6	45.2
Bsyl_539	-7.4	54.2
Bsyl_540	-4.9	50.6
Bsyl_541	-1.4	52.1
Bsyl_542	-0.6	52.5
Bsyl_543	-0.1	52.1
Bsyl_544	37	55.4
Bsyl_545	-5.6	55.3
Bsyl_546	-6.2	58.4
Bsyl_547	-7.3	57.5
Bsyl_548	6.6	44.9
Bsyl_549	-1.9	37
Bsyl_550	-4.4	37.5
Bsyl_551	-4.9	38.6
Bsyl_552	7.6	58.7
Bsyl_553	8.8	58.7
Bsyl_554	10.7	59.5
Bsyl_555	5.2	62.1
Bsyl_556	7	62.9
Bsyl_557	5.7	59
Bsyl_558	8.4	59.4
Bsyl_559	-6.4	42.2
Bsyl_560	-8.3	43.1
Bsyl_561	-2.6	38.6
Bsyl_562	-2	38.5
Bsyl_563	-0.4	40.5
Bsyl_564	-4	41.8
Bsyl_565	-2.6	40.5
Bsyl_566	-6.6	43
Bsyl_567	-3.4	42.8
Bsyl_568	-7.2	43.2
Bsyl_569	-5.7	40.1
Bsyl_570	-2.7	41.1
Bsyl_571	-5.5	42.5
Bsyl_572	-8.8	41.9
Bsyl_573	-8.6	42.5
Bsyl_574	-4.9	42.9
Bsyl_575	-6.6	41.2
Bsyl_576	-3	42.3
Bsyl_577	-2.1	39.5
Bsyl_578	-4.1	36.9
Bsyl_579	-6.5	37.6
Bsyl_580	-3.3	41.1
Bsyl_581	-4	40.4
Bsyl_582	-7.6	43.6
Bsyl_583	-9.1	42.8
Bsyl_584	1.5	39
Bsyl_585	-6.4	39.9
Bsyl_586	-1.2	42.7
Bsyl_587	-1.8	42.4
Bsyl_588	-5.4	40.9
Bsyl_589	-3.1	41.8
Bsyl_590	0	42.4
Bsyl_591	-1.9	40.9
Bsyl_592	-6.3	38.1
Bsyl_593	-5.4	36.2
Bsyl_594	-5.3	39.5
Bsyl_595	-5.2	43.4
Bsyl_596	-3.3	40.5
Bsyl_597	-7.9	38.5
Bsyl_598	-2	40.1
Bsyl_599	-5.3	41.5
Bsyl_600	-4.5	39.4
Bsyl_601	-3.7	43.4
Bsyl_602	-5.5	36.8
Bsyl_603	-6.1	40.6
Bsyl_604	-1.7	43.3
Bsyl_605	6.2	43
Bsyl_606	4.6	44.9
Bsyl_607	40.5	40.8
Bsyl_608	-5.8	56.2
Bsyl_609	-3.1	59.1
Bsyl_610	-6.5	56.7
Bsyl_611	7.9	62.4
Bsyl_612	4.5	51.5
Bsyl_613	0.5	45.5
Bsyl_614	16.4	50.5
Bsyl_615	-6.8	57.9
Bsyl_616	3.5	50.5
Bsyl_617	-2.7	47.7
Bsyl_618	-6.7	43.5
Bsyl_619	-9.1	38.4
Bsyl_620	-4.2	34.1
Bsyl_621	-0.9	41.7
Bsyl_622	5.2	59.6
Bsyl_623	27.7	42.7
Bsyl_624	50.7	34.1
Bsyl_625	26.6	47.3
Bsyl_626	23.4	41.3
Bsyl_627	39.8	41
Bsyl_628	20.4	49.4
Bsyl_629	-4.6	34.8
Bsyl_630	22.5	37
Bsyl_631	28	42
Bsyl_632	28.7	45.1
Bsyl_633	23.5	44.5
Bsyl_634	22.4	41
Bsyl_635	24.3	41.5
Bsyl_636	24.2	40.9
Bsyl_637	21.6	39.5
Bsyl_638	20.5	54.7
Bsyl_639	21.4	38.7
Bsyl_640	-3.7	42.4
Bsyl_641	22.2	39.1
Bsyl_642	44.8	41.2
Bsyl_643	14.5	36.9
Bsyl_644	27	39.6
Bsyl_645	28.8	36.8
Bsyl_646	5.2	36.7
Bsyl_647	-1.3	54.8
Bsyl_648	-4.5	53.3
Bsyl_649	-3.2	51.9
Bsyl_650	-4	52.8
Bsyl_651	-3.3	52.4
Bsyl_652	10.3	46.5
Bsyl_653	19.2	49.2
Bsyl_654	-1.9	50.9
Bsyl_655	-2.8	50.8
Bsyl_656	-1.2	45.8
Bsyl_657	17.5	60.5
Bsyl_658	16.3	39.3
Bsyl_659	12.9	43
Bsyl_660	13.5	43.5
Bsyl_661	16.4	39.9
Bsyl_662	9.8	56.5
Bsyl_663	9.1	55.4
Bsyl_664	1.3	51.9
Bsyl_665	-3.4	48
Bsyl_666	-2.8	53.5
Bsyl_667	0.5	51
Bsyl_668	-0.5	50.8
Bsyl_669	43.9	54
Bsyl_670	87.7	51.3
Bsyl_671	39	54
Bsyl_672	45.7	53.3
Bsyl_673	40.7	54.6
Bsyl_674	6.5	58.6
Bsyl_675	10.7	55.5
Bsyl_676	3.7	49.3
Bsyl_677	14.4	48.3
Bsyl_678	-5.2	56.7
Bsyl_679	-2.9	55.2
Bsyl_680	1.1	52.9
Bsyl_681	8	48.9
Bsyl_682	7.1	48.5
Bsyl_683	7.1	47.9
Bsyl_684	10.9	63.6
Bsyl_685	6.8	61.9
Bsyl_686	-1	43.2
Bsyl_687	0.5	48.7
Bsyl_688	-1.5	42
Bsyl_689	16.5	57.9
Bsyl_690	0.6	49.2
Bsyl_691	0.6	49.9
Bsyl_692	6.2	45.4
Bsyl_693	2.3	44.5
Bsyl_694	0.2	46.1
Bsyl_695	1.3	43
Bsyl_696	3.6	44
Bsyl_697	1.3	44.5
Bsyl_698	2.8	44
Bsyl_699	0.4	46.6
Bsyl_700	8.9	41.8
Bsyl_701	-0.2	46.8
Bsyl_702	4	45.4
Bsyl_703	-2.5	42.7
Bsyl_704	9.5	42.7
Bsyl_705	-3.1	37.5
Bsyl_706	-6	36.4
Bsyl_707	-4.8	37.9
Bsyl_708	-2.8	36.9
Bsyl_709	-6.9	38
Bsyl_710	-4.8	36.6
Bsyl_711	-4.8	37.1
Bsyl_712	-5.6	37.9
Bsyl_713	-3.4	36.9
Bsyl_714	-3.8	37.7
Bsyl_715	38.6	56.4
Bsyl_716	39.8	56.6
Bsyl_717	42.4	56.2
Bsyl_718	42	55.8
Bsyl_719	41.3	55.3
Bsyl_720	39.4	56
Bsyl_721	40.4	56.1
Bsyl_722	105.3	51.5
Bsyl_723	93.5	53.3
Bsyl_724	87.4	52.2
Bsyl_725	87.5	53.3
Bsyl_726	85.7	53.4
Bsyl_727	87.1	54
Bsyl_728	88.3	51.9
Bsyl_729	44.1	44.9
Bsyl_730	37.5	44.8
Bsyl_731	38.4	44.6
Bsyl_732	39	44.9
Bsyl_733	39	44.3
Bsyl_734	39.5	44.6
Bsyl_735	40.2	44.6
Bsyl_736	40	43.7
Bsyl_737	40.6	43.9
Bsyl_738	43.1	44.2
Bsyl_739	42.8	43.7
Bsyl_740	43.4	43.5
Bsyl_741	45.5	43.5
Bsyl_742	47.9	42.1
Bsyl_743	48.4	41.7
Bsyl_744	47.1	44.1
Bsyl_745	92.2	53.6
Bsyl_746	92.8	52.9
Bsyl_747	85.9	51.8
Bsyl_748	86.7	51.9
Bsyl_749	86.9	50.5
Bsyl_750	9.9	37
Bsyl_751	10.6	36.6
Bsyl_752	14.4	37.9
Bsyl_753	14.5	35.9
Bsyl_754	23.7	38.7
Bsyl_755	25.6	40.5
Bsyl_756	23.7	40.5
Bsyl_757	29.6	41
Bsyl_758	27.4	37.7
Bsyl_759	27.8	37.1
Bsyl_760	33.6	35.2
Bsyl_761	36.7	37.1
Bsyl_762	34.1	41.3
Bsyl_763	36.8	38.3
Bsyl_764	41.2	40
Bsyl_765	42.8	39.4
Bsyl_766	49	39.5
Bsyl_767	49.7	37.2
Bsyl_768	45.4	37.6
Bsyl_769	52.6	36
Bsyl_770	53.9	36.4
Bsyl_771	50.5	34.9
Bsyl_772	48.8	33.7
Bsyl_773	47.2	33.7
Bsyl_774	45.2	44
Bsyl_775	32.2	47
Bsyl_776	34.7	47.7
Bsyl_777	34.6	49.2
Bsyl_778	56.1	54.9
Bsyl_779	55.3	55.8
Bsyl_780	53.3	55.2
Bsyl_781	51.7	54.7
Bsyl_782	50.1	56.3
Bsyl_783	50.7	60.8
Bsyl_784	47.4	59.8
Bsyl_785	45.8	58.2
Bsyl_786	44.4	57.1
Bsyl_787	22.2	57.4
Bsyl_788	23.4	56.7
Bsyl_789	24.4	56.9
Bsyl_790	24.6	58.4
Bsyl_791	22.6	58.9
Bsyl_792	9.7	63.2
Bsyl_793	13.2	59
Bsyl_794	9	56
Bsyl_795	8.7	56.8
Bsyl_796	-4.5	54.2
Bsyl_797	80.9	51.3
Bsyl_798	85.7	51.1
Bsyl_799	84.8	53.4
Bsyl_800	85.7	52.6
Bsyl_801	86.7	53.3
Bsyl_802	88	54.7
Bsyl_803	103.7	52.7
Bsyl_804	109.8	51.2
Bsyl_805	116.3	52.3
Bsyl_806	45.1	40.7
Bsyl_807	46.3	39.5
Bsyl_808	42.2	41.4
Bsyl_809	43.2	40.4
Bsyl_810	40.4	43.2
Bsyl_811	42.8	43
Bsyl_812	41.9	42.4
Bsyl_813	42.6	42.3
Bsyl_814	41.9	41.9
Bsyl_815	42.9	41.5
Bsyl_816	43.5	41.9
Bsyl_817	43.6	42.4
Bsyl_818	44.4	42.3
Bsyl_819	44.2	41.5
Bsyl_820	45.5	41.9
Bsyl_821	46.8	41.6
Bsyl_822	46.3	40.6
Bsyl_823	46.8	40.3
Bsyl_824	47.4	41
Bsyl_825	48	40.8
Bsyl_826	48.4	40.3
Bsyl_827	49	41.3
Bsyl_828	49.2	40.8
Bsyl_829	46.6	39.1
Bsyl_830	48.6	39
Bsyl_831	48.6	38.5
Bsyl_832	23.4	40
Bsyl_833	24.3	40.2
Bsyl_834	27.1	35.6
Bsyl_835	24.8	35.2
Bsyl_836	22.6	38.5
Bsyl_837	21	40.1
Bsyl_838	21.4	40.8
Bsyl_839	24.9	41.2
Bsyl_840	23.5	39.2
Bsyl_841	19.9	41.4
Bsyl_842	17.8	43.3
Bsyl_843	14.6	45.2
Bsyl_844	22.4	44.9
Bsyl_845	25.3	45.5
Bsyl_846	27.2	47.8
Bsyl_847	14.7	40.9
Bsyl_848	9.9	45.4
Bsyl_849	13.4	38.1
Bsyl_850	11.4	46.5
Bsyl_851	9	46.7
Bsyl_852	10.6	47.1
Bsyl_853	18.2	46.1
Bsyl_854	21.7	47.4
Bsyl_855	19.5	47.2
Bsyl_856	17.8	46.8
Bsyl_857	10.8	56.4
Bsyl_858	10	57
Bsyl_859	19.4	53.6
Bsyl_860	22.2	54.1
Bsyl_861	19.3	52.3
Bsyl_862	22.3	49.4
Bsyl_863	19.9	49.8
Bsyl_864	18.7	59.7
Bsyl_865	13	57.4
Bsyl_866	12.8	58.2
Bsyl_867	13.4	57.8
Bsyl_868	13.5	58.5
Bsyl_869	14.6	58.6
Bsyl_870	15.2	58.2
Bsyl_871	14.5	57.3
Bsyl_872	15	56.9
Bsyl_873	13	56.5
Bsyl_874	13.1	55.5
Bsyl_875	14.4	56.4
Bsyl_876	10.9	60
Bsyl_877	9.6	59.8
Bsyl_878	8.3	58.3
Bsyl_879	7.1	58.1
Bsyl_880	6.8	59.1
Bsyl_881	6.6	59.9
Bsyl_882	7.2	60.4
Bsyl_883	6.3	60.5
Bsyl_884	5.4	60.4
Bsyl_885	7.6	61.4
Bsyl_886	5.6	61
Bsyl_887	5.7	61.6
Bsyl_888	8.8	62.6
Bsyl_889	8.5	63.1
Bsyl_890	9	63.6
Bsyl_891	39.8	54.7
Bsyl_892	32.8	35
Bsyl_893	30	37
Bsyl_894	31.4	41.3
Bsyl_895	41.4	41.4
Bsyl_896	9.6	36.1
Bsyl_897	4	36.9
Bsyl_898	8	36.3
Bsyl_899	-5.9	35.8
Bsyl_900	-8	31.2
Bsyl_901	-5.4	35.5
Bsyl_902	-13.9	28.5
Bsyl_903	51.8	36.1
Bsyl_904	44.4	36.4
Bsyl_905	22.9	58.4
Bsyl_906	27.6	59.2
Bsyl_907	21.1	56.3
Bsyl_908	22.6	56.8
Bsyl_909	23.1	57.2
Bsyl_910	24.7	57.4
Bsyl_911	26.1	56.9
Bsyl_912	25.8	53.6
Bsyl_913	41.5	54.6
Bsyl_914	36.2	54.5
Bsyl_915	35.3	54.3
Bsyl_916	42.2	54.3
Bsyl_917	39.1	54.5
Bsyl_918	40.6	54
Bsyl_919	37.3	56.7
Bsyl_920	36.9	56.2
Bsyl_921	39	55.2
Bsyl_922	35.7	56
Bsyl_923	36.4	55.7
Bsyl_924	38.5	55.9
Bsyl_925	38.4	52.6
Bsyl_926	37	50.7
Bsyl_927	44.7	54.9
Bsyl_928	43.9	55.1
Bsyl_929	45.2	54.2
Bsyl_930	58.4	55.6
Bsyl_931	42	45.1
Bsyl_932	42	44
Bsyl_933	41.8	43.5
Bsyl_934	44.3	43.2
Bsyl_935	45.7	43
Bsyl_936	47.2	42.8
Bsyl_937	39.1	59.5
Bsyl_938	23.5	49.1
Bsyl_939	12.4	52.3
Bbrev_1	90.7046	29.1926
Bbrev_2	70.7384	29.7585
Bbrev_3	109.6	31.4
Bbrev_4	102.7	25
Bbrev_5	109.6	31.4
Bbrev_6	94.4	29.6
Bbrev_7	101.5	27.4
Bbrev_8	109.6	31.4
Bbrev_9	102.7	25
Bbrev_10	102.8	30.4
Bbrev_11	102.7	25
Bbrev_12	109.6	31.4
Bbrev_13	102.8	28
Bbrev_14	109.6	31.4
Bbrev_15	103.5	23.3
Bbrev_16	98.3	31.5
Bbrev_17	102.1	31.5
Bbrev_18	110.7	31.8
Bbrev_19	102.1	31.5
Bbrev_20	108.5	29.3
Bbrev_21	101.6	34.7
Bbrev_22	103.1	28.3
Bbrev_23	102.8	27.7
Bbrev_24	101.6	24.7
Bbrev_25	102.1	31.5
Bbrev_26	110.7	31.8
Bbrev_27	101.7	32.9
Bbrev_28	69.6	31.2
Bbrev_29	80.9	44.1
Bbrev_30	101.3	27.9
Bbrev_31	103.2	31.4
Bbrev_32	94.2	29.2
Bbrev_33	96.6	31.2
Bbrev_34	98.3	30.9
Bbrev_35	102.8	30.4
Bbrev_36	103	25.4
Bbrev_37	103.5	29.6
Bbrev_38	101.9	30.9
Bbrev_39	103	25.4
Bbrev_40	101.7	26.1
Bbrev_41	98.6	31.8
Bbrev_42	107.9	32.5
Bbrev_43	100.7	31.4
Bbrev_44	100.3	32.3
Bbrev_45	108	35.8
Bbrev_46	99.3	27.2
Bbrev_47	102	30.1
Bbrev_48	98.6	31.8
Bbrev_49	109.6	31.4
Bbrev_50	98.8	31.2
Bbrev_51	99.3	27.2
Bbrev_52	106.9	28.2
Bbrev_53	102	30.1
Bbrev_54	103.5	29.6
Bbrev_55	101.1	32.1
Bbrev_56	103	32.1
Bbrev_57	106.5	33.9
Bbrev_58	98.5	28
Bbrev_59	98.9	28.5
Bbrev_60	74.6	36.3
Bbrev_61	74.3	35.9
Bbrev_62	70	34.3
Bbrev_63	101.3	36.9
Bbrev_64	71.8	35.9
Bbrev_65	94.1	29.7
Bbrev_66	83.9	28.1
Bbrev_67	91.1	29.7
Bbrev_68	101.1	32
Bbrev_69	77.2	32.3
Bbrev_70	69.6	35.1
Bbrev_71	94.9	29.6
Bbrev_72	93.9	29
Bbrev_73	73.1	34.6
Bbrev_74	93.2	28.9
Bbrev_75	69.4	34.5
Bbrev_76	72.6	35.3
Bbrev_77	100.1	25.8
Bbrev_78	70.7	34.9
Bbrev_79	99.8	28.3
Bbrev_80	106.2	35.7
Bbrev_81	78.3	30.4
Bbrev_82	75	34.1
Bbrev_83	78.4	31
Bbrev_84	100.2	27
Bbrev_85	96.3	29.8
Bbrev_86	101.9	30.9
Bbrev_87	97.5	28.7
Bbrev_88	105.6	33.3
Bbrev_89	102	30.1
Bbrev_90	103.6	32.6
Bbrev_91	101.5	27.4
Bbrev_92	93.2	29.9
Bbrev_93	98.6	31.8
Bbrev_94	102.5	30.9
Bbrev_95	111	29.7
Bbrev_96	100.7	31.4
Bbrev_97	100	31.6
Bbrev_98	109.6	31.4
Bbrev_99	101.3	27.9
Bbrev_100	105.8	24.9
Bbrev_101	108	35.8
Bbrev_102	102.2	27.9
Bbrev_103	108.6	31.8
Bbrev_104	104.1	35.8
Bbrev_105	101.3	25.7
Bbrev_106	110.8	31.3
Bbrev_107	104.9	34.7
Bbrev_108	106.2	33.3
Bbrev_109	98.8	31.2
Bbrev_110	102.8	30.1
Bbrev_111	100.3	30.9
Bbrev_112	104.2	33.3
Bbrev_113	82.2	43.5
Bbrev_114	106.1	33.8
Bbrev_115	102.7	25
Bbrev_116	97.2	31.2
Bbrev_117	113.4	32.4
Bbrev_118	112	34
Bbrev_119	101.6	36.5
Bbrev_120	105.7	27.2
Bbrev_121	110.2	29.4
Bbrev_122	88.9	27.5
Bbrev_123	103.1	37
Bbrev_124	83.6	28.7
Bbrev_125	103.9	36.5
Bbrev_126	74.4	34
Bbrev_127	89.9	27.4
Bbrev_128	103.1	28.3
Bbrev_129	101.5	29
Bbrev_130	102.5	32.8
Bbrev_131	103.9	31.7
Bbrev_132	98.1	33
Bbrev_133	100.3	32.3
Bbrev_134	103.3	27.7
Bbrev_135	102.3	26.7
Bbrev_136	101.1	31
Bbrev_137	103.1	31.2
Bbrev_138	103.5	30.8
Bbrev_139	99.3	27.4
Bbrev_140	66.1	37.9
Bbrev_141	68.9	32.8
Bbrev_142	71.6	35.2
Bbrev_143	69.8	40.5
Bbrev_144	73.7	31.6
Bbrev_145	76.2	30.1
Bbrev_146	77.7	30.3
Bbrev_147	78.3	28.3
Bbrev_148	83	26.8
Bbrev_149	87.6	27
Bbrev_150	91.1	23.4
Bbrev_151	99.3	37
Bbrev_152	102.9	35.9
Bbrev_153	106.1	34.5
Bbrev_154	109.8	30.7
Bbrev_155	68.8	38.7
Bbrev_156	71.9	38.6
Bbrev_157	74.1	40.6
Bbrev_158	70.2	42
Bbrev_159	78.5	42.5
Bbrev_160	107.2	34
Bbrev_161	102.9	35.1
Bbrev_162	100	26.5
Bbrev_163	100.6	25.8
Bbrev_164	99.3	23.2
Bbrev_165	103.4	34.7
Bbrev_166	90.7	27.5
Bbrev_167	91.5	27.3
Bkur_1	147.869	45.224
Bkur_2	147.503	44.999
Bkur_3	146.685	43.78
Bkur_4	145.871	44.177
Bkur_6	145.468	43.783
Bkur_1	146.152	44.296
Bkur_2	147.787	44.991
Bkur_3	145.653	43.927
Bkur_4	146.438	44.39
Bkur_6	147.929	45.402
Bkur_1	145.947	44.173
Bkur_2	146.739	43.801
Bkur_3	147.878	45.076
Bkur_4	142.06	46.805
Bkur_6	145.524	43.854
Bkur_1	146.226	44.387
Bkur_2	142.1	47.8
Bkur_3	147.9	45.2
Bkur_4	142.6	43.4
Bkur_6	142	43
Bkur_1	141.3	43.2
Bkur_2	143.2	42.3
Bkur_3	145	43.2
Bkur_4	141	45.3
Bkur_6	140.4	43.3
Bkur_1	146.1	44.4
Bkur_2	146.7	43.8
Bkur_3	145.7	44
Bmis_1	140.8434	38.2559
Bmis_2	139.3	36.9
Bmis_4	134.1	35.2
Bmis_5	139.9	39.3
Bmis_6	140.6	39.3
Bmis_7	140.9	40.2
Bmis_8	140.2	40.1
Bmis_9	135.8	35.2
Bmis_10	130.8	32.1
Bmis_11	136.8	34.5
Bmis_12	140.7	35.8
Bmis_14	137.5	36.2
Bmis_15	139	34.7
Bmis_16	140.2	35.5
Bmis_17	139.2	36.5
Bmis_18	138.7	36.3
Bmis_19	140.1	36.2
Bmis_20	136.9	36.5
Bmis_21	137.5	35.4
Bmis_22	135.7	33.8
Bmis_23	139.5	37.7
Bmis_24	134.5	34.7
Bmis_25	135.3	34.9
Bmis_26	134.4	35.6
Bmis_27	134.8	34.2
Bmis_28	134.8	35.1
Bmis_29	140.9	40.7
Bmis_30	140.1	37.7
Bmis_31	141	37.8
Bmis_32	140.2	37.1
Bmis_33	139.3	35.6
Bmis_34	139.7	36.8
Bmis_35	131.1	32.8
Bmis_36	133.3	34.8
Bmis_37	140.7	37.4
Bmis_38	139.6	35.2
Bmis_39	131.9	34.7
Bmis_40	138.5	35.2
Bmis_41	138.8	35.8
Bmis_42	133.1	33.8
Bmis_43	138	36.7
Bmis_44	136.4	35.4
Bmis_45	136.1	36.1
Bmis_46	138.2	35.9
Bmis_47	133.5	35.4
Bmis_51	138.6	37
Bmis_52	133	32.7
Bmis_53	133.8	33.8
Bmis_54	133.2	33.2
